{
  "sequence": "ACGTACGTACGTAGCTAGCTTGCATGACGTAGCTAGTCGATACGATCGTA",
  "length": 50,
  "counts": {
    "A": {
      "A": 0,
      "C": 5,
      "G": 4,
      "T": 3
    },
    "C": {
      "A": 1,
      "C": 0,
      "G": 7,
      "T": 3
    },
    "G": {
      "A": 3,
      "C": 4,
      "G": 0,
      "T": 6
    },
    "T": {
      "A": 8,
      "C": 2,
      "G": 2,
      "T": 1
    }
  },
  "probabilities": {
    "A": {
      "A": 0.0,
      "C": 0.4166666666666667,
      "G": 0.3333333333333333,
      "T": 0.25
    },
    "C": {
      "A": 0.09090909090909091,
      "C": 0.0,
      "G": 0.6363636363636364,
      "T": 0.2727272727272727
    },
    "G": {
      "A": 0.23076923076923078,
      "C": 0.3076923076923077,
      "G": 0.0,
      "T": 0.46153846153846156
    },
    "T": {
      "A": 0.6153846153846154,
      "C": 0.15384615384615385,
      "G": 0.15384615384615385,
      "T": 0.07692307692307693
    }
  }
}